country,china,netherlands,germany,turkey,usa,belarus,uk,jorea,italy,france,kazakhstan,japan,poland,vietnam,finland,india,belgium,ukraine,brazil,czech republic,spain,uzbekistan,switzerland,austria,slovakia,indonesia,sweden,taiwan,azerbaijan
jan 2006,"1,197.0","2,252.5","2,074.3",946.0,459.7,869.1,733.8,139.3,"2,019.9",550.4,374.0,313.6,874.3,20.3,500.4,137.0,116.8,"1,173.9",58.2,397.5,330.2,39.9,771.4,233.1,423.7,12.0,122.2,97.5,71.1
feb 2006,947.2,"2,124.9","2,123.6",881.5,530.0,963.2,"1,059.0",216.4,"1,937.8",488.6,541.8,281.4,813.4,30.0,794.4,134.8,198.5,"1,213.7",52.9,318.9,105.7,74.2,842.6,205.4,417.3,10.7,177.4,84.9,100.2
mar 2006,"1,114.8","2,500.3","2,039.7","1,037.1",546.0,"1,087.2",672.2,190.6,"2,283.2",735.2,685.1,350.2,908.7,17.8,758.4,208.1,199.7,"1,346.7",71.6,339.1,298.7,110.6,"1,000.6",278.6,487.5,13.0,233.4,98.7,107.6
apr 2006,"1,355.2","2,916.2","2,090.7","1,188.3",623.7,"1,084.7",713.3,173.3,"2,007.5",579.7,598.2,307.1,933.2,15.7,807.7,246.9,311.3,961.5,44.1,392.5,169.2,78.9,"1,009.5",333.0,332.0,8.0,172.5,113.5,117.8
may 2006,"1,486.2","3,408.2","2,111.1","1,334.6","1,089.5","1,146.3",980.3,185.5,"2,336.2",817.6,701.3,336.8,"1,010.8",79.8,848.1,131.2,222.7,"1,153.1",53.2,475.6,203.3,76.2,"1,109.9",321.9,393.2,14.1,189.6,117.2,92.5
jun 2006,"1,231.3","3,407.2","1,874.3","1,197.6",910.6,"1,113.1",954.3,226.3,"2,041.4",583.0,757.7,309.6,"1,050.8",41.8,774.6,202.5,162.8,"1,218.1",52.8,397.3,348.0,88.8,739.5,281.4,378.0,28.5,185.1,46.8,113.8
jul 2006,"1,185.7","3,188.4","1,988.4","1,234.2",796.7,"1,112.2",775.9,189.9,"2,098.2",518.6,742.8,342.1,"1,057.8",12.1,808.4,169.6,185.9,"1,415.7",45.5,442.9,399.8,86.6,"1,310.0",306.1,440.4,22.5,196.1,50.1,123.4
aug 2006,"1,425.8","3,686.9","2,176.1","1,221.2",850.1,"1,193.8",946.2,268.0,"2,209.2",836.9,920.1,342.5,946.4,11.9,894.3,216.9,203.2,"1,560.6",85.5,446.1,293.4,89.2,"1,262.5",298.8,402.3,22.0,187.3,75.5,121.1
sep 2006,"1,855.7","2,971.1","1,684.8","1,287.0",742.1,"1,217.7",830.6,218.8,"2,049.8",728.2,975.2,406.5,906.0,5.5,658.8,366.8,234.0,"1,621.0",62.4,342.3,305.5,81.4,816.2,272.9,311.6,9.4,110.9,39.8,130.5
oct 2006,"1,312.2","3,430.4","1,672.3","1,180.3",509.6,"1,045.7",936.2,351.4,"2,102.7",457.8,853.7,420.4,936.1,12.2,832.3,249.2,265.4,"1,090.8",62.1,311.6,320.1,90.6,"1,048.4",226.9,296.4,23.7,283.7,74.4,125.3
nov 2006,"1,196.7","3,285.3","2,142.4","1,274.7",624.2,996.7,984.7,378.1,"1,871.8",615.6,884.2,535.9,945.3,26.7,611.5,330.9,264.5,960.0,62.3,405.1,307.3,127.9,873.1,261.3,308.7,15.1,146.3,84.0,125.6
dec 2006,"1,450.1","2,712.3","2,520.6","1,507.5",956.1,"1,269.6",804.0,197.6,"2,132.1",763.7,932.6,511.3,"1,097.9",29.9,903.4,531.5,328.2,"1,267.5",75.2,396.6,262.1,142.6,"1,283.8",231.3,395.5,7.8,193.0,48.0,152.6
jan 2007,"1,101.6","2,650.0","1,731.5","1,120.1",444.3,872.5,577.7,287.4,"2,334.8",411.5,613.5,400.1,843.6,5.2,560.4,213.3,192.8,"1,150.4",58.6,346.0,189.9,84.8,595.7,328.3,275.0,19.0,322.5,55.3,70.9
feb 2007,"1,246.5","2,942.0","1,724.6","1,389.8",599.5,"1,082.2",596.8,420.5,"1,648.7",550.8,708.9,511.3,852.7,85.1,818.9,261.5,260.0,"1,226.3",56.6,302.1,165.6,101.3,956.8,233.2,277.4,15.3,126.0,82.2,87.2
mar 2007,"1,389.0","2,617.9","2,046.8","1,459.9",788.7,"1,214.7",927.2,201.9,"1,919.7",642.8,947.4,574.8,949.8,28.2,920.0,320.1,251.7,"1,333.3",64.7,312.0,471.6,131.7,"1,240.1",245.8,301.4,29.5,227.9,79.4,104.8
apr 2007,"1,271.0","3,301.7","1,818.9","1,360.7",438.9,"1,297.2","1,008.0",374.3,"1,762.3",705.3,"1,019.9",739.8,"1,105.3",21.4,745.3,257.8,209.6,"1,276.0",64.4,353.3,212.8,144.3,966.6,226.7,380.1,20.4,377.9,56.3,97.5
may 2007,"1,338.5","4,045.5","2,229.1","1,554.5",659.7,"1,442.2","1,272.2",416.4,"2,111.3",801.3,"1,096.7",541.6,"1,070.4",25.0,669.0,200.8,197.1,"1,324.3",141.3,452.9,419.3,170.1,"1,105.7",216.2,461.2,28.8,182.3,82.1,92.5
jun 2007,"1,338.5","2,959.6","1,903.3","1,315.5",848.8,"1,368.5",935.6,469.6,"1,739.6",518.4,"1,001.1",407.6,"1,111.9",13.8,917.2,206.7,249.5,"1,232.5",80.2,443.0,591.3,148.4,862.2,175.5,449.3,27.5,357.6,49.0,96.2
jul 2007,"1,436.3","3,300.6","2,148.1","1,433.2",653.2,"1,488.7",921.2,596.1,"2,819.5",677.8,"1,081.1",528.8,"1,081.3",66.8,697.6,272.5,225.7,"1,420.5",126.6,381.5,331.4,140.8,"1,417.4",200.9,427.3,17.9,142.1,61.8,111.3
aug 2007,"1,279.6","4,168.2","2,211.5","1,602.4",962.8,"1,519.7",810.2,752.4,"1,988.5",738.3,"1,139.7",881.6,982.0,46.3,"1,049.9",179.9,184.2,"1,411.1",81.5,359.7,389.0,146.9,"1,318.6",164.0,382.0,11.3,369.2,82.2,139.2
sep 2007,"1,189.0","3,735.5","2,231.6","1,545.3",812.1,"1,445.2",811.3,178.0,"2,350.5",609.0,"1,015.1",482.5,"1,101.7",18.2,875.6,212.7,196.1,"1,359.9",66.4,343.4,331.9,157.8,"1,093.4",210.1,455.5,19.1,109.5,88.0,123.3
oct 2007,"1,335.2","4,305.8","2,545.0","1,887.6",695.6,"1,696.3","1,266.3",794.6,"3,018.5",946.1,"1,122.2",689.8,"1,286.1",116.5,"1,175.8",305.0,258.3,"1,464.2",92.4,362.7,481.8,166.2,"1,148.3",210.3,507.5,18.4,236.3,77.2,171.1
nov 2007,"1,497.6","4,311.6","2,779.8","1,704.1",606.5,"1,823.9",950.3,959.7,"2,851.2","1,222.2","1,114.0",999.3,"1,408.3",66.5,"1,188.3",766.8,281.2,"1,472.4",175.3,475.3,343.6,165.9,"1,348.4",276.2,602.3,12.5,174.1,117.5,154.3
dec 2007,"1,472.3","4,541.1","2,975.9","2,161.3",825.0,"1,953.8",953.0,716.8,"2,985.1",860.4,"1,060.8",907.6,"1,504.7",77.2,"1,133.1",814.6,304.0,"1,753.7",121.7,523.6,396.6,170.5,"1,469.8",248.2,632.0,31.9,384.1,76.3,148.8
jan 2008,"1,567.7","4,233.2","2,871.5","1,875.6",637.1,"1,800.2",952.8,620.2,"3,716.0",920.5,720.5,688.1,"1,544.7",66.3,"1,056.1",251.6,469.5,"1,949.7",125.2,547.5,704.5,91.9,632.8,229.3,581.9,19.9,189.6,90.4,91.7
feb 2008,"1,645.3","4,322.1","2,939.2","2,068.3","1,058.9","1,828.6",944.8,676.4,"3,068.7",869.9,920.5,734.9,"1,476.5",52.7,"1,227.8",276.3,271.2,"1,698.8",153.2,607.6,272.9,140.3,550.7,231.6,595.9,46.9,219.3,70.4,109.7
mar 2008,"2,128.1","4,681.6","3,214.9","2,588.0",915.3,"2,058.7","1,361.7",452.7,"3,346.4",834.6,"1,019.0",981.6,"1,762.6",88.5,"1,544.0",343.6,333.5,"1,983.7",152.2,617.3,401.7,157.5,951.0,186.3,626.6,101.6,396.3,90.4,119.6
apr 2008,"1,805.5","5,238.5","3,261.9","2,144.1",862.5,"2,122.9","1,191.8",774.3,"3,092.9",959.0,"1,396.1",714.9,"2,105.6",97.2,"1,502.9",354.6,448.9,"2,279.9",233.5,699.4,365.5,158.2,774.2,22.8,584.4,50.5,192.4,117.1,200.7
may 2008,"1,786.8","4,091.9","3,410.6","2,533.1",985.0,"2,225.4","1,425.3",524.6,"3,152.9","1,517.1","1,215.4","1,020.8","2,249.5",40.5,"1,476.6",335.0,384.2,"2,775.5",162.6,763.4,606.9,150.8,749.7,256.0,669.3,58.8,258.3,114.0,174.9
jun 2008,"1,535.1","6,006.4","2,828.3","2,507.1","1,222.5","2,372.3","1,632.9",734.0,"3,717.8","1,179.4","1,200.4",875.9,"1,969.5",35.9,"1,395.0",350.2,338.4,"2,522.3",247.7,750.5,449.4,156.6,698.3,251.8,568.0,35.0,773.7,121.4,132.3
jul 2008,"1,868.7","5,753.4","3,286.5","2,950.7","1,461.9","2,526.9","1,440.1",748.4,"4,303.2",886.4,"1,281.7","1,078.2","2,166.2",36.3,"1,408.6",497.1,492.7,"2,334.8",110.9,692.2,623.2,187.5,"1,272.4",278.1,585.0,72.3,710.3,81.5,191.0
aug 2008,"2,077.9","6,130.4","2,663.7","2,860.4","1,180.8","2,201.4","1,688.0",778.2,"4,065.1",936.8,"1,237.3",960.8,"1,757.4",29.2,"1,507.8",371.1,406.6,"2,428.0",230.5,570.1,282.3,205.2,"1,252.8",185.7,481.3,46.3,315.8,135.7,180.4
sep 2008,"1,488.7","6,231.0","2,644.4","2,317.2","1,628.5","2,005.8","1,250.6",814.4,"3,910.6","1,293.4","1,162.8",938.7,"1,530.9",32.5,"1,056.7",700.8,756.1,"1,924.0",212.7,616.0,530.4,200.7,"1,259.9",190.5,527.2,25.6,371.9,109.7,206.7
oct 2008,"2,603.7","4,802.4","2,531.6","2,109.5","1,167.1","1,764.2","1,228.8",699.4,"3,602.9","1,142.6","1,233.8",893.9,"1,454.2",30.0,"1,413.8",395.2,241.2,"1,888.9",174.1,453.4,347.1,233.2,686.3,237.2,486.9,11.8,169.6,58.4,213.3
nov 2008,"1,294.6","2,990.9","1,920.5","1,965.2","1,253.8","1,287.8",883.8,593.3,"3,000.6",745.0,925.8,726.8,"1,125.9",25.4,"1,014.5",423.0,220.3,"1,082.6",146.4,447.5,287.9,168.8,412.0,216.1,436.8,40.9,313.1,21.5,177.2
dec 2008,"1,339.6","2,491.2","1,591.2","1,736.1",983.6,"1,313.2",883.3,373.5,"3,021.8",916.2,985.4,712.8,"1,050.7",46.2,"1,137.3",931.6,256.1,698.7,91.6,484.7,189.1,187.1,317.2,18.2,421.5,106.6,212.8,25.3,168.6
jan 2009,900.8,"1,946.2","1,030.4","1,260.7",460.2,"1,047.9",736.3,249.2,"1,797.0",558.2,438.8,539.8,542.4,27.0,668.9,350.0,166.6,565.7,51.7,299.8,173.9,64.4,248.6,123.7,234.4,82.8,346.2,34.6,97.4
feb 2009,"1,118.6","2,242.2","1,071.9","1,165.0",527.0,"1,106.1",628.4,311.2,"1,327.7",572.3,551.8,538.8,536.3,55.7,830.1,395.6,242.3,569.9,30.6,212.0,221.5,135.1,319.2,127.2,120.4,5.0,86.0,49.9,118.3
mar 2009,"1,154.8","2,225.3",960.8,"1,315.3",746.7,"1,304.7",829.8,444.6,"1,655.8",654.1,836.4,533.1,687.4,89.7,742.3,374.5,282.2,698.1,49.3,252.5,187.8,140.8,345.0,128.0,136.3,5.1,156.1,34.4,134.8
apr 2009,"1,291.0","2,180.6","1,137.1",966.3,644.3,"1,309.1",693.7,285.6,"1,578.9",589.7,737.6,452.2,"1,074.1",56.4,781.9,509.3,192.4,"1,094.8",49.5,272.5,148.3,129.8,396.2,129.0,140.8,10.3,196.2,41.1,121.9
may 2009,"1,239.5","2,792.1","1,689.8",990.3,477.2,"1,328.2",633.0,515.3,"1,978.2",526.3,802.6,488.7,"1,121.0",112.5,777.1,356.6,100.9,976.3,49.4,407.3,227.2,143.4,445.0,122.1,316.6,18.2,216.1,64.8,94.5
jun 2009,"1,393.5","2,796.8","1,882.4","1,325.1",653.0,"1,485.9",787.0,372.4,"2,292.7",764.0,753.1,635.5,"1,024.1",142.1,638.6,546.3,292.0,715.1,66.7,377.8,194.8,146.8,477.3,121.8,290.4,14.3,188.7,70.3,119.1
jul 2009,"1,421.7","3,771.4","1,533.3","1,555.9",798.8,"1,344.7",881.9,551.2,"2,254.0",698.6,782.4,439.8,"1,021.8",59.2,490.7,390.9,226.8,"1,225.7",56.3,419.6,192.9,172.7,741.8,111.3,241.8,13.6,317.7,80.5,148.5
aug 2009,"1,440.7","3,827.9","1,625.9","1,479.6",966.7,"1,490.9",709.8,465.1,"1,906.2",795.6,818.3,519.7,"1,137.1",70.4,786.1,479.0,430.1,"1,465.0",80.4,440.6,277.3,145.8,547.7,121.6,268.8,35.4,330.3,77.8,113.6
sep 2009,"1,549.7","3,253.9","1,461.1","1,379.6",991.8,"1,339.4",823.5,537.6,"2,686.4","1,021.1",821.1,819.5,"1,166.5",47.8,710.3,669.7,473.4,"1,367.9",92.7,431.2,488.1,167.0,769.8,100.6,257.8,20.2,249.4,94.6,147.5
oct 2009,"1,955.0","3,735.2","1,955.6","1,369.3",943.2,"1,558.9",869.4,688.9,"2,826.3",770.0,844.5,671.5,"1,354.2",49.6,872.7,448.3,631.2,"1,421.6",115.9,388.0,387.0,158.0,547.8,147.0,322.0,44.6,230.0,86.6,128.7
nov 2009,"1,383.4","3,504.3","2,133.7","1,826.1",908.6,"1,681.2",547.9,578.5,"2,480.8",959.6,862.3,669.9,"1,430.6",84.9,788.8,437.8,399.3,"1,826.3",207.9,493.7,239.4,139.6,725.8,186.8,316.4,52.8,401.3,72.6,104.3
dec 2009,"1,838.4","4,130.9","2,227.8","1,743.4","1,014.3","1,729.2",932.7,664.7,"2,315.6",816.4,898.2,942.6,"1,407.5",73.5,"1,074.3",977.5,607.6,"1,909.4",232.5,442.7,153.8,150.9,649.0,205.6,325.8,31.9,481.7,83.9,140.9
jan 2010,755.1,"3,727.7","2,247.9","1,724.9",579.6,"1,151.9",863.7,559.7,"2,300.0",803.8,590.9,621.6,"1,583.0",41.8,"1,013.4",374.0,378.1,"1,560.9",125.1,461.9,532.6,59.7,735.6,196.6,380.9,45.5,294.1,104.1,58.0
feb 2010,"2,253.9","4,165.3","2,026.1","1,702.1",436.6,"1,162.1",836.3,590.1,"2,438.4",932.8,778.3,784.8,"1,429.7",25.0,955.5,663.5,444.7,"1,414.9",89.2,454.1,335.6,109.1,454.7,176.7,383.8,51.2,358.8,105.6,92.1
mar 2010,"2,040.5","4,540.0","2,240.4","1,610.1",955.8,"1,328.8",972.1,"1,020.2","2,427.9","1,135.6",944.6,"1,219.2","1,086.0",167.7,"1,159.9",604.9,441.2,"1,745.9",146.7,503.2,202.3,131.4,498.7,58.7,299.3,16.3,295.9,118.3,115.4
apr 2010,"1,610.5","4,826.6","2,176.8","1,739.3",944.5,"1,577.1",944.8,"1,302.0","2,652.5",985.9,998.6,956.0,"1,200.2",62.4,865.5,598.3,507.8,"1,687.5",101.6,579.1,155.3,134.3,733.0,183.6,365.5,17.2,249.3,158.3,132.2
may 2010,"1,730.8","5,091.9","1,965.7","1,616.3","1,153.4","1,368.1",652.8,538.2,"2,005.6","1,117.9",945.9,"1,089.9","1,090.0",117.6,769.6,413.1,400.7,"1,736.2",101.0,558.1,209.5,122.0,851.8,12.0,188.2,55.7,326.8,309.9,111.4
jun 2010,"1,421.2","4,220.8","1,492.8","1,574.6","1,229.8","1,506.2",912.9,"1,008.9","2,206.7",925.8,"1,006.6",929.6,"1,133.1",100.5,957.6,385.6,382.4,"1,888.5",111.7,494.0,419.6,134.6,554.9,14.6,513.1,176.1,402.4,229.7,98.6
jul 2010,"1,613.6","3,959.2","2,029.8","1,436.1","1,134.1","1,385.3",934.3,948.4,"1,694.3","1,183.8",…,908.3,"1,187.1",33.7,762.2,456.9,403.4,"1,861.4",162.1,274.5,359.0,130.8,"1,057.1",15.6,348.2,39.3,299.5,80.3,119.7
aug 2010,"1,340.1","4,084.3","1,715.6","1,802.1","1,339.8","1,437.3",897.1,893.3,"1,980.5","1,117.6",…,"1,072.0","1,137.3",122.6,853.5,497.1,379.4,"1,979.4",243.0,300.8,435.9,375.8,593.7,17.6,327.7,94.0,305.4,135.3,127.6
sep 2010,"1,744.8","4,503.4","2,014.9","1,335.0","1,176.3","1,508.4","1,106.1",787.5,"2,450.9",831.9,…,"1,494.4","1,064.1",132.2,927.6,625.9,339.0,"2,095.8",195.6,341.4,257.2,128.7,757.4,16.7,542.7,284.0,219.5,112.4,119.4
oct 2010,"1,655.2","4,979.9","2,818.5","1,769.6","1,273.0","1,590.5",770.2,711.1,"2,044.6","1,013.3",…,"1,180.3","1,207.6",100.9,"1,170.3",524.9,376.9,"2,390.6",206.1,573.5,364.6,219.7,471.0,17.4,387.8,39.0,227.6,191.9,136.5
nov 2010,"1,872.0","4,386.6","2,271.9","1,623.4",840.0,"1,957.9","1,286.7","1,005.8","2,434.8",827.4,…,"1,124.0","1,312.5",50.7,"1,443.7",707.3,402.2,"2,209.5",203.9,638.7,352.8,153.0,671.1,149.8,326.7,13.2,224.6,144.2,130.0
dec 2010,"2,288.9","5,488.7","2,662.0","2,383.9","1,256.9","2,107.0","1,132.1","1,074.1","2,839.4","1,544.1",…,"1,448.4","1,504.9",379.2,"1,291.0",541.0,471.2,"2,577.5",112.3,321.0,423.5,190.5,"1,337.3",162.5,512.0,34.4,385.6,107.3,321.0
jan 2011,"1,970.5","2,924.8","2,277.2","1,859.7",780.9,"1,205.3",898.9,520.5,"1,931.8","1,079.6","1,020.5",989.7,"1,688.9",50.8,678.8,184.2,477.5,"2,505.7",71.0,283.0,419.5,123.8,659.3,68.9,413.6,18.2,235.1,95.9,138.8
feb 2011,"2,967.6","4,948.9","2,349.2","2,305.5",911.0,"1,865.3",993.1,753.9,"2,310.8","1,131.9",993.0,"1,299.9","1,652.1",39.2,"1,095.3",459.2,607.6,"2,841.0",116.6,352.5,386.2,127.6,545.7,68.8,476.9,45.2,402.1,197.3,260.1
mar 2011,"3,128.6","5,281.6","2,491.6","2,265.8",943.7,"2,333.2","1,281.4","1,167.0","2,207.4","1,526.7","1,121.4","1,531.7","1,909.1",53.0,"1,161.5",467.4,768.9,"3,037.6",111.9,345.6,444.5,180.1,941.7,83.9,479.9,47.0,241.9,180.0,168.3
apr 2011,"3,038.1","5,829.8","3,250.1","1,705.9","1,224.4","2,100.9","1,410.6","1,509.4","2,724.2","1,410.5","1,298.0","1,076.9","1,867.4",63.5,"1,429.7",399.5,681.1,"2,396.1",121.8,647.5,279.5,161.5,845.2,114.1,654.0,73.2,195.9,129.4,165.5
may 2011,"2,425.7","5,591.6","3,318.4","1,709.7","1,141.4","1,914.7","1,556.1","1,055.2","2,208.1","1,619.8","1,646.3","1,177.2","1,337.0",188.0,"1,116.5",525.5,774.6,"2,340.7",167.7,703.6,752.4,168.8,728.9,211.2,799.3,24.5,170.5,251.9,200.7
jun 2011,"2,498.3","5,359.9","2,663.4","1,888.7","1,803.3","1,922.6",974.9,"1,487.5","3,389.0","1,606.5","1,241.1","1,109.5","1,225.7",223.8,"1,000.3",443.7,687.7,"2,644.2",157.6,404.1,787.0,176.6,"1,039.5",144.1,495.1,89.8,571.5,250.6,171.9
jul 2011,"2,957.6","4,414.0","3,057.0","1,995.6","1,668.8","2,112.3","1,344.4",834.3,"2,236.5","1,502.8","1,244.2","1,018.5","1,654.7",12.4,987.7,587.8,674.8,"1,963.1",113.1,389.5,472.8,180.1,"1,033.3",150.1,545.8,101.2,603.6,157.1,189.2
aug 2011,"3,292.9","5,287.3","2,480.3","1,948.3","1,419.5","2,171.3","1,179.9","1,401.0","2,956.0","1,295.0","1,326.0","1,349.9","1,839.3",28.1,"1,169.6",427.2,625.4,"2,094.8",351.4,344.5,579.5,167.3,905.2,74.5,669.6,73.4,566.4,181.0,200.6
sep 2011,"2,690.5","5,403.3","2,882.2","2,145.3","1,955.9","2,126.4",933.7,"1,202.8","2,665.4",840.3,"1,196.2","1,336.9","1,875.0",43.5,847.5,505.4,668.8,"2,500.3",249.3,98.1,414.6,177.1,"2,059.8",87.4,615.3,16.4,432.5,191.7,183.2
oct 2011,"2,765.9","5,807.1","2,727.8","2,008.0","1,583.2","2,214.5","1,175.6",983.5,"3,616.8","1,166.8","1,010.7","1,309.4","2,288.9",150.8,"1,511.8",411.2,530.7,"2,658.5",292.9,358.2,685.4,183.0,889.7,203.7,497.0,50.0,737.0,151.9,165.6
nov 2011,"3,470.7","5,616.0","3,208.0","2,644.9","1,521.4","2,428.2","1,006.1","1,231.7","3,177.9",735.2,996.9,"1,534.1","1,922.3",267.5,937.4,508.3,441.7,"2,633.8",195.0,771.7,479.0,186.6,957.7,266.7,818.3,57.1,487.7,170.8,180.3
dec 2011,"3,823.9","6,230.7","3,452.4","2,872.8","1,471.7","2,535.6","1,247.8","1,213.1","3,233.8",943.8,"1,076.1",909.8,"2,106.3",218.1,"1,260.6","1,160.7",540.8,"2,875.9",176.6,750.5,464.7,273.4,841.9,284.1,600.2,39.7,482.9,146.2,480.3
jan 2012,"2,669.0","5,779.5","2,967.7","2,396.6","1,505.8","1,889.0",946.0,679.9,"2,343.5","1,017.0","1,029.7",896.4,"1,681.9",317.2,798.8,510.3,640.7,"1,966.5",108.0,313.4,479.8,91.2,777.5,246.4,600.3,116.9,550.2,243.0,142.9
feb 2012,"3,256.2","5,985.4","3,236.0","2,109.0","1,403.4","2,083.6",808.9,"1,157.2","2,542.3",991.9,968.3,"1,138.9","1,804.9",106.3,"1,172.5","1,402.9",597.0,"2,795.4",101.2,594.9,129.7,179.2,838.6,234.6,661.2,124.6,810.8,216.8,133.4
mar 2012,"3,536.2","6,969.9","3,196.2","1,997.6",892.2,"2,721.1","1,265.9","1,070.5","2,671.7","1,088.1","1,405.0","1,359.7","2,031.2",27.7,"1,077.4",711.6,654.2,"1,991.3",132.2,734.6,546.0,179.7,"1,178.6",63.0,505.4,97.3,466.8,197.5,255.1
apr 2012,"2,806.5","6,815.8","3,412.0","2,219.8",997.5,"2,144.5","1,358.0",977.2,"2,555.3","1,243.2","1,265.9","1,161.9","2,011.4",161.5,"1,154.5",897.9,552.3,"1,941.2",131.8,413.1,356.1,174.9,948.5,84.7,459.9,89.1,725.4,324.6,167.2
may 2012,"3,421.4","7,236.5","3,310.2","2,411.2","1,077.1","2,156.0",866.2,"1,629.2","2,437.0",638.0,"1,182.5","1,404.9","1,690.2",96.1,"1,135.5",374.9,523.6,"2,028.5",194.2,145.3,560.0,185.2,950.5,86.1,439.4,85.7,522.1,352.7,174.3
jun 2012,"3,059.2","7,176.7","2,553.5","2,329.8","1,178.1","2,010.9",976.2,933.6,"2,661.7",658.8,"1,168.9",880.4,"1,291.1",26.0,806.0,425.3,447.5,"2,398.8",233.2,114.4,338.8,179.3,786.5,87.0,346.3,106.6,295.7,184.3,254.1
jul 2012,"2,660.0","6,135.8","2,643.7","2,191.4","1,037.1","2,134.4","1,151.9","1,330.0","2,341.8",557.5,"1,337.2","1,596.4","1,289.7",223.0,"1,014.0",300.2,462.5,"2,278.4",196.9,169.4,332.2,191.5,795.2,21.1,580.6,81.2,318.8,329.9,252.2
aug 2012,"2,817.1","5,644.4","2,365.8","2,479.7","1,057.1","2,171.0",837.4,"1,161.4","1,923.7",844.7,"1,461.8","1,009.2","1,495.1",121.4,676.0,464.7,453.5,"2,239.3",268.4,598.2,581.8,220.8,884.7,74.6,492.5,190.9,220.2,408.1,317.8
sep 2012,"2,539.9","5,438.0","2,744.7","2,474.7",840.3,"1,975.3","1,491.5",740.6,"3,203.6","1,164.1","1,392.3","1,461.9","1,854.8",137.3,812.7,461.2,612.7,"2,550.5",218.3,578.4,802.4,181.6,831.6,74.1,400.1,53.4,764.4,241.2,277.8
oct 2012,"2,880.9","6,525.9","2,815.0","2,095.0","1,198.2","1,975.7","2,462.6","1,358.1","3,290.4",850.9,"1,372.2","1,814.7","1,489.6",16.1,938.4,662.7,619.7,"2,486.6",302.7,279.0,467.4,279.5,554.2,55.8,444.5,178.4,524.2,122.5,299.7
nov 2012,"2,908.4","6,538.1","2,526.5","2,447.5",852.3,"1,700.6","1,502.6","1,646.9","3,052.8",648.5,"1,358.3","1,385.5","1,633.3",64.9,845.4,492.6,667.0,"2,210.7",169.1,386.2,662.0,200.3,"1,142.1",210.0,530.6,49.8,679.1,357.7,350.1
dec 2012,"3,211.0","6,639.7","3,223.9","2,266.5",828.1,"1,874.2","1,360.9","1,169.7","3,277.3",832.2,"1,426.0","1,398.7","1,618.2",91.0,"1,578.0",858.8,571.9,"2,327.8",248.5,598.6,464.6,260.9,835.6,262.6,692.5,136.1,308.8,343.4,220.9
jan 2013,"2,342.9","5,225.3","2,741.0","2,220.6",554.2,"1,647.7","1,365.5",993.0,"3,003.0",877.6,"1,199.7","1,069.6","1,744.2",18.9,891.0,503.0,600.2,"1,968.9",114.6,374.5,701.6,129.5,630.0,166.6,574.7,69.0,427.3,456.5,148.0
feb 2013,"2,907.2","5,903.1","2,568.7","2,108.0",689.9,"1,650.8","1,163.6",931.3,"3,460.0",876.1,"1,242.1","1,267.9","1,456.1",77.6,"1,187.5",653.8,649.4,"1,690.8",119.3,309.2,233.6,168.8,818.7,179.1,427.0,207.5,543.3,489.2,149.7
mar 2013,"3,490.7","6,588.5","3,239.7","2,056.9",771.1,"1,753.6","1,215.2","1,373.3","3,327.3",878.3,"1,479.2","1,980.7","1,566.2",64.4,"1,179.9",520.9,741.7,"1,797.8",187.4,273.5,297.6,183.6,700.8,214.8,440.1,76.1,389.1,355.6,309.1
apr 2013,"2,889.7","7,347.0","2,557.7","2,279.3","1,020.7","1,719.3",968.8,"1,576.8","3,349.4",857.6,"1,560.6","1,820.5","1,437.4",160.6,"1,124.6",517.0,750.1,"1,599.9",179.1,375.5,536.5,249.8,906.6,65.3,412.4,121.3,470.8,446.1,461.6
may 2013,"2,510.8","5,933.6","3,329.8","1,713.5",893.0,"1,541.2","1,302.2",989.3,"2,884.2","1,084.7","1,447.2","1,522.5","1,335.8",116.5,"1,242.4",396.3,578.7,"1,416.5",150.6,320.3,333.0,208.0,636.6,66.9,402.4,198.9,495.0,371.0,215.3
jun 2013,"3,173.7","6,048.1","2,949.9","1,823.4",861.7,"1,644.6","1,226.6",966.7,"3,373.7",725.0,"1,421.4",947.1,"1,386.8",195.1,802.3,706.5,559.3,"1,506.3",295.7,364.5,467.7,199.4,806.6,62.4,658.0,28.6,559.7,338.3,267.8
jul 2013,"2,987.4","4,815.8","3,041.5","1,974.8","1,159.3","1,842.9","1,445.2","1,256.8","3,174.4",776.1,"1,403.2","1,976.4","1,679.2",51.8,"1,260.8",376.5,512.5,"2,071.6",128.5,640.3,583.3,242.6,562.0,74.0,474.1,42.2,324.0,206.4,267.7
aug 2013,"2,766.7","4,999.2","3,171.5","2,150.3","1,176.8","1,777.7","1,453.1",863.5,"2,978.8",634.5,"1,472.8","1,198.1","1,811.7",41.8,"1,177.6",522.0,565.1,"2,183.0",210.6,357.7,345.1,270.3,988.9,74.6,494.8,151.8,272.9,409.0,171.1
sep 2013,"3,268.3","5,580.4","3,610.2","2,111.7","1,024.5","1,647.2","1,508.5","1,470.4","3,316.6",564.2,"1,502.7","1,697.2","1,638.6",76.0,873.9,413.7,626.5,"2,421.2",215.7,702.2,688.5,251.8,966.0,101.7,477.7,42.4,144.5,222.0,228.5
oct 2013,"2,486.3","5,436.0","3,112.4","1,875.1","1,198.3","1,589.3","1,551.1","1,141.0","2,822.9",521.0,"1,708.4","1,867.1","1,752.0",108.3,"1,225.9",495.9,604.7,"2,411.9",116.5,701.9,715.7,279.6,"1,006.3",26.6,447.9,149.8,107.8,304.2,256.5
nov 2013,"3,209.7","6,268.1","3,305.6","2,415.1",911.2,"1,513.8","1,604.8","1,980.8","3,321.2",530.8,"1,573.1","2,322.4","1,732.0",406.5,"1,195.1",738.3,756.9,"2,404.5",101.7,749.8,459.0,271.5,445.0,26.5,427.0,52.6,192.8,300.5,272.9
dec 2013,"3,585.4","5,960.0","3,426.1","2,715.9",852.6,"1,900.3","1,644.1","1,307.8","3,766.2",669.6,"1,621.8","1,993.8","2,041.7",55.9,"1,148.0","1,137.6",781.4,"2,341.0",163.9,705.9,672.2,349.9,260.3,214.7,566.9,93.4,548.3,543.8,194.2
jan 2014,"2,871.0","5,107.2","2,936.6","2,121.4",516.8,"1,599.4","1,597.3","1,018.2","3,251.7",663.9,892.1,858.7,"1,410.6",354.5,"1,010.6",431.1,631.5,"1,919.7",134.8,413.3,611.3,174.0,332.3,234.1,474.3,68.4,626.2,306.5,114.9
feb 2014,"2,766.4","4,420.5","2,956.3","1,912.7",528.3,"1,595.4","1,015.8","1,489.2","2,313.2",588.3,"1,047.7","1,125.0","1,562.4",39.5,859.6,606.8,785.8,"1,777.8",147.5,386.3,305.5,237.7,396.2,51.9,564.3,29.6,366.5,249.4,219.1
mar 2014,"3,734.0","7,229.7","3,403.3","2,243.0","1,460.4","1,759.4","1,314.9","1,150.3","2,957.0",600.6,"1,130.3","2,174.9","1,571.5",65.8,852.6,526.9,907.7,"2,157.3",140.2,383.9,525.4,259.4,731.4,81.3,575.0,176.8,438.2,566.6,219.5
apr 2014,"3,812.7","5,491.2","3,590.5","2,156.6",771.1,"1,754.7","1,018.7","1,595.7","3,512.8",748.9,"1,280.6","2,432.2","1,555.2",38.2,"1,119.6",440.5,"1,174.0","2,269.1",151.2,615.3,626.1,358.3,168.9,66.7,553.9,125.9,261.6,330.9,370.0
may 2014,"3,047.5","6,736.5","2,993.9","2,067.3",847.9,"1,847.3","1,504.1","1,337.8","3,299.5",671.9,"1,190.3","1,801.4","1,407.8",69.5,"1,425.2",299.3,662.1,"2,641.6",246.1,508.8,434.2,217.1,356.4,47.8,400.1,62.5,454.7,390.2,450.2
jun 2014,"2,823.8","5,921.5","2,908.9","1,854.5",897.9,"1,650.1",862.7,"1,611.5","3,111.5",911.9,"1,302.1","1,438.9","1,554.0",39.4,727.8,445.9,704.1,"1,629.7",278.2,478.4,190.3,294.5,263.1,44.2,380.2,49.8,381.2,248.0,242.6
jul 2014,"3,992.4","6,811.7","2,876.7","2,055.1","1,148.5","1,793.9",608.3,"2,290.6","3,664.0",941.7,"1,308.4","1,812.8","1,431.2",49.2,"1,287.9",356.0,888.2,739.3,181.9,518.7,560.3,268.1,237.7,25.0,361.8,19.9,604.8,409.2,229.1
aug 2014,"2,709.2","6,621.0","2,853.0","2,192.2",965.1,"1,594.7","1,138.1","1,506.1","2,923.7",471.6,"1,236.8","1,635.9","1,242.0",27.1,825.3,484.5,692.1,825.5,168.5,431.4,175.5,255.6,311.9,42.1,414.2,49.2,268.6,266.6,253.1
sep 2014,"2,934.4","5,314.6","2,968.1","2,073.0",741.9,"1,711.9",702.7,"1,432.4","2,460.2",467.8,"1,222.9","1,064.5","1,220.6",116.1,841.0,556.2,674.3,729.6,241.8,386.4,201.4,258.8,260.9,42.6,426.6,155.3,377.1,399.2,418.1
oct 2014,"3,094.5","4,989.8","3,397.1","2,110.3","1,217.0","1,720.0",746.2,"1,616.4","3,058.5",458.2,"1,272.6","2,215.7","1,160.5",26.8,"1,005.1",489.4,804.4,728.6,173.0,414.2,368.9,255.5,190.9,35.4,373.7,58.8,383.8,244.0,249.0
nov 2014,"2,615.4","4,424.5","3,121.7","2,005.2",794.4,"1,598.9",460.7,"1,900.3","2,404.1",673.8,"1,087.8","1,564.7",947.3,382.2,552.4,517.5,639.2,592.2,268.1,329.5,271.2,233.4,195.3,63.2,332.4,106.6,376.7,269.8,360.8
dec 2014,"3,091.0","4,971.5","3,126.3","2,145.6",693.3,"1,325.1",504.2,"1,329.1","2,268.4",379.6,"1,141.1","1,729.4",878.3,243.5,872.7,"1,189.3",662.7,"1,050.7",234.2,295.0,308.3,308.5,221.8,33.1,339.3,14.9,254.7,226.8,246.2
jan 2015,"2,178.1","3,132.8","1,746.6","1,876.3",625.5,959.8,512.4,981.3,"2,560.1",443.6,674.1,"1,646.9",701.7,30.2,759.3,214.1,434.1,828.0,115.2,217.1,353.2,128.4,248.0,63.7,294.4,84.3,288.8,353.3,166.2
feb 2015,"2,184.9","3,692.3","2,335.5","1,932.3",535.0,"1,227.6",621.3,"1,041.3","2,202.5",359.2,888.4,"1,456.7",739.5,105.4,682.4,459.1,656.3,877.7,164.6,247.3,203.5,173.9,330.6,13.0,310.0,28.1,393.2,234.9,332.4
mar 2015,"2,409.4","3,970.4","2,736.9","2,058.4",858.7,"1,372.9",672.5,"1,465.5","1,990.2",481.4,959.4,"1,244.4",835.7,61.8,730.5,659.7,624.6,776.5,254.6,356.1,276.6,230.2,234.6,107.7,382.7,71.7,186.7,200.5,135.3
apr 2015,"2,740.8","3,516.1","2,462.8","1,563.8",717.7,"1,490.7",638.3,"1,059.7","2,506.4",626.8,"1,119.1","1,380.9",907.7,31.1,653.4,395.3,619.1,671.8,113.9,252.6,87.1,263.6,117.2,90.9,325.2,19.7,228.7,286.4,254.9
may 2015,"2,289.3","4,205.6","2,421.1","1,588.1",786.5,"1,378.9",834.4,"1,300.2","2,186.1",455.2,926.9,"1,337.5",991.6,364.4,505.3,478.5,683.6,682.2,188.4,313.3,260.6,178.9,192.3,88.3,341.9,45.1,148.4,229.9,158.9
jun 2015,"2,787.0","3,988.0","2,103.0","1,414.2","1,066.9","1,330.8",945.5,968.2,"1,827.2",450.4,964.5,860.5,"1,015.5",133.2,423.2,553.3,593.5,918.1,331.4,299.9,92.3,163.6,236.1,102.6,333.9,11.9,209.8,154.1,121.5
jul 2015,"2,502.2","3,236.8","2,149.5","1,559.4",924.9,"1,335.9",569.1,"1,136.9","1,876.4",526.2,956.0,936.1,846.6,79.2,551.0,448.0,453.6,542.5,121.3,298.0,205.7,179.3,88.2,118.8,284.2,13.4,141.8,217.3,236.1
aug 2015,"1,989.2","3,169.6","1,597.6","1,670.4",944.1,"1,306.2",582.3,990.8,"1,652.2",479.9,913.7,943.2,680.3,131.0,450.5,429.4,307.3,676.7,87.3,278.6,236.8,182.5,123.8,134.8,293.9,13.3,140.2,143.5,161.6
sep 2015,"2,272.1","3,044.9","1,765.1","1,309.8",626.7,"1,260.7",627.7,945.9,"1,516.6",416.8,849.8,"1,268.2",786.5,56.4,647.3,397.9,549.5,654.3,203.6,212.3,255.4,194.3,248.7,131.9,267.1,44.2,290.3,238.7,145.7
oct 2015,"2,425.4","2,823.3","2,127.8","1,335.2",760.2,"1,367.7",459.0,"1,452.9","1,353.8",515.5,845.8,"1,155.2",807.1,91.5,581.8,282.0,469.5,"1,135.4",135.4,240.4,203.3,173.6,264.2,131.0,271.5,47.7,192.4,166.1,169.0
nov 2015,"2,126.4","2,941.7","2,074.6","1,463.0",790.1,"1,300.4",523.1,"1,021.0","1,164.7",375.9,844.1,992.4,703.6,47.6,603.7,484.4,457.3,785.6,79.3,330.4,250.2,160.8,204.0,89.5,233.9,43.8,86.1,210.0,179.6
dec 2015,"2,696.1","3,127.1","1,830.8","1,516.0",795.5,"1,272.2",489.8,"1,117.9","1,457.4",581.3,924.2,"1,260.9",651.9,710.5,503.7,773.4,517.8,746.0,128.6,213.7,258.5,203.8,323.4,90.3,238.5,19.6,131.7,187.0,226.0
jan 2016,"1,721.3","1,883.0","1,431.7","1,134.2",563.3,"1,037.8",462.3,972.7,677.1,289.7,489.2,831.9,445.4,34.0,416.3,206.6,358.7,291.1,45.0,168.9,142.3,92.4,103.3,72.4,193.2,35.7,98.9,171.6,43.1
feb 2016,"1,732.4","2,339.8","1,547.9","1,051.9",633.9,"1,119.6",498.9,712.6,965.6,407.6,632.1,616.6,524.5,125.0,503.2,353.7,572.4,385.1,113.6,171.1,101.6,164.1,173.9,67.1,200.6,35.0,158.3,170.6,70.7
mar 2016,"2,512.3","2,335.3","1,764.8","1,009.8",566.8,"1,353.3",724.4,841.6,901.5,425.9,711.3,889.0,633.8,106.6,423.1,387.8,565.9,518.4,124.7,210.5,112.7,184.3,271.4,68.3,194.3,35.1,164.2,232.9,85.7
apr 2016,"2,141.1","2,474.8","1,645.7","1,011.6",658.3,"1,343.3",532.2,529.4,906.7,407.0,751.8,704.1,767.9,152.2,417.6,501.8,550.1,441.3,116.8,137.3,176.0,151.0,166.2,63.7,169.9,24.8,106.3,162.5,124.3
may 2016,"2,434.9","2,518.7","1,607.4","1,118.7",755.2,"1,317.8",421.5,701.0,"1,141.6",291.9,747.7,665.7,749.9,55.8,581.1,393.0,526.7,461.8,134.5,189.4,103.5,156.2,126.5,70.7,227.0,11.8,113.8,171.0,100.0
jun 2016,"2,493.3","2,461.7","1,539.1","1,098.0",835.2,"1,395.0",587.3,762.9,"1,147.8",431.4,809.9,751.8,647.0,125.4,591.1,421.8,520.6,557.1,183.7,244.5,205.1,180.8,424.3,56.7,250.1,38.7,183.7,257.4,102.1
jul 2016,"2,046.1","2,569.0","1,603.0","1,024.1",649.7,"1,125.2",591.8,918.3,918.0,442.4,751.1,638.6,782.1,50.9,431.5,254.5,379.5,542.7,131.8,221.4,323.4,145.5,193.4,92.5,169.2,11.7,295.7,190.3,114.0
aug 2016,"2,098.5","1,955.9","1,756.7","1,223.8",756.5,"1,191.3",510.0,"1,157.7","1,026.1",340.0,840.2,883.5,883.1,54.6,496.2,395.1,326.9,592.4,137.2,205.7,210.3,192.0,215.6,128.3,222.0,60.5,272.0,222.1,159.7
sep 2016,"2,227.6","2,550.5","2,001.5","1,059.1",976.4,"1,277.2",657.2,839.8,"1,057.8",379.3,840.6,809.8,863.8,77.3,628.6,782.1,546.0,668.2,203.3,235.8,141.7,171.6,391.7,14.3,194.3,31.8,156.7,288.1,120.6
oct 2016,"2,353.7","2,507.1","1,919.5","1,109.0",956.1,"1,385.5",586.4,966.2,"1,255.1",441.9,906.6,824.7,952.6,52.3,752.4,475.0,542.2,649.0,150.4,254.8,195.5,166.3,145.4,128.0,228.4,24.9,166.2,166.7,141.0
nov 2016,"2,565.9","2,838.8","2,159.6","1,387.0",985.5,"1,276.7",550.4,703.0,"1,124.2",444.4,"1,002.5",762.0,855.2,396.6,614.3,506.4,455.0,645.7,170.1,362.9,97.3,160.1,216.0,156.4,209.9,32.4,203.4,282.3,219.8
dec 2016,"3,684.7","2,780.1","2,279.4","1,309.1",885.7,"1,426.0",821.0,893.3,838.4,479.0,"1,077.3",968.2,"1,043.0",141.1,684.8,634.1,399.8,679.1,275.0,289.8,141.4,200.9,503.9,133.6,238.1,60.3,301.7,374.6,225.5
jan 2017,"2,963.1","2,593.9","2,782.0","1,253.3",662.7,"1,382.6",540.2,791.6,909.2,486.5,764.4,680.3,922.0,54.3,760.8,218.6,561.3,434.9,85.9,232.5,106.8,122.9,255.7,153.6,276.4,49.8,162.2,271.7,68.9
feb 2017,"2,509.6","3,252.2","1,834.9","1,184.1",832.8,"1,376.8",619.8,979.1,"1,230.5",494.3,908.4,630.2,875.0,100.9,654.8,354.7,577.0,460.3,115.5,303.7,347.3,155.8,186.9,116.9,287.4,43.4,200.2,287.2,102.4
mar 2017,"3,477.6","3,767.2","2,337.8","1,529.6",809.5,"1,516.8",736.1,"1,278.8","1,076.3",680.4,"1,044.4",932.3,"1,003.1",156.9,768.0,711.4,729.8,707.1,186.3,367.0,138.5,182.0,387.2,75.8,274.4,67.1,250.8,322.8,148.2
apr 2017,"2,898.5","2,738.2","2,059.0","1,364.6",699.9,"1,545.4",506.0,882.7,"1,233.2",481.9,953.3,705.8,883.3,89.6,803.0,256.3,627.1,524.4,139.0,300.3,165.5,185.5,183.7,125.9,223.7,28.0,160.6,282.0,186.7
may 2017,"2,993.9","3,116.6","1,785.3","1,357.9",757.5,"1,614.2",733.2,"1,314.8","1,349.4",424.0,"1,063.2",789.6,"1,010.9",61.8,599.6,645.0,540.0,659.0,160.5,384.7,228.8,201.0,183.8,139.0,228.1,22.2,87.7,315.6,134.5
jun 2017,"3,331.4","3,315.7","1,749.8","1,621.3",908.3,"1,649.2",776.6,"1,011.9","1,111.1",411.4,"1,061.6","1,095.8",762.4,111.1,803.9,528.2,552.3,757.3,261.4,359.8,142.6,211.3,291.3,111.3,277.0,110.0,59.1,260.0,397.0
jul 2017,"2,698.1","2,142.9","1,806.3","1,470.1",822.0,"1,503.9",579.2,916.7,987.8,404.1,"1,008.1","1,101.6",779.4,52.2,574.5,638.2,436.4,499.2,133.4,337.6,231.7,184.0,370.9,121.1,256.0,27.5,170.5,131.1,111.5
aug 2017,"3,073.0","2,924.8","1,984.2","1,454.6",813.7,"1,655.4",892.2,"1,121.3",996.7,374.5,"1,066.1",997.6,854.4,82.2,718.1,606.6,452.0,635.8,193.8,350.0,118.1,224.2,562.5,147.2,302.1,59.4,224.3,230.8,122.5
sep 2017,"2,919.4","2,503.8","1,751.5","1,769.3","1,023.6","1,655.4","1,070.5","1,284.0","1,148.3",432.0,"1,088.4",810.6,991.2,401.3,762.0,477.8,643.2,759.2,138.3,350.8,132.8,228.4,362.5,157.1,226.7,76.0,115.7,338.1,146.0
oct 2017,"3,256.0","3,531.6","2,707.3","1,698.8",934.5,"1,801.3",876.4,965.9,"1,180.2",425.5,"1,230.2",821.6,829.7,85.7,583.2,459.0,542.5,777.3,173.9,372.1,213.0,237.4,330.5,166.6,253.6,95.9,167.8,273.3,152.9
nov 2017,"4,267.1","3,046.0","2,417.1","1,832.8",903.9,"1,822.1",655.9,"1,026.7","1,140.9",605.2,"1,102.0","1,099.4","1,223.1",506.1,781.3,674.7,552.6,831.1,168.8,289.2,168.9,222.3,340.1,227.4,341.9,103.5,200.3,404.9,147.7
dec 2017,"4,529.5","2,644.5","2,489.9","1,874.0",983.2,"2,031.8",705.7,682.8,"1,474.1",612.9,"1,149.5",734.1,"1,478.0",200.2,855.3,886.2,587.4,896.9,275.6,316.1,220.5,470.3,683.5,340.8,306.1,105.1,134.5,242.2,215.0
jan 2018,"4,679.1","3,228.0","2,913.2","2,011.8",802.8,"1,675.1",778.9,873.8,990.1,525.9,895.5,773.8,"1,351.1",80.7,966.7,407.6,827.8,568.1,140.8,312.1,262.3,211.9,144.2,213.4,357.9,23.7,397.6,335.5,98.6
feb 2018,"3,469.7","3,462.3","2,537.5","1,678.8",641.4,"1,768.2",832.6,846.5,"1,103.4",415.1,"1,084.8",861.5,"1,094.5",93.2,"1,071.9",492.9,909.3,700.3,159.4,279.7,205.3,232.9,206.1,305.6,348.5,57.1,338.6,299.5,134.4
mar 2018,"4,091.0","4,029.4","2,999.7","2,366.2",832.1,"1,968.6",781.1,953.2,"1,404.4",713.2,"1,135.8",896.5,"1,558.1",141.0,856.7,636.3,854.0,825.5,192.9,410.8,171.5,261.4,512.8,427.0,224.8,60.1,149.3,499.8,150.4
apr 2018,"4,435.7","4,169.1","2,715.5","1,876.5",808.0,"1,870.8",941.6,"1,372.1","1,473.2",714.8,"1,131.2",990.4,"1,145.7",113.6,"1,034.7",621.2,858.7,722.2,207.9,371.0,139.8,257.6,180.7,299.4,245.9,58.5,297.5,320.0,148.1
may 2018,"4,504.3","2,959.0","2,910.3","1,673.0",890.2,"1,970.0",838.0,"1,915.9","1,298.5",461.5,"1,064.2","1,342.0","1,266.7",134.4,917.3,807.4,748.4,810.0,182.7,505.6,253.3,233.0,394.3,217.8,285.3,69.1,305.8,411.1,141.4
jun 2018,"4,715.3","3,024.6","2,648.8","1,617.9","1,179.6","1,980.7",679.2,"1,278.2","1,322.0",573.2,"1,094.7",954.4,"1,599.3",211.9,967.1,935.4,793.4,780.5,388.3,392.8,247.3,294.3,567.5,217.2,337.0,90.7,299.9,498.3,139.6
jul 2018,"4,654.6","3,023.2","2,262.2","1,713.7",846.7,"1,854.3",924.5,"1,336.2","1,529.2",727.7,"1,128.5",971.1,"1,227.9",121.9,922.7,315.0,714.6,679.2,88.3,408.5,297.8,274.0,321.8,241.8,306.2,38.7,253.7,331.1,124.1
aug 2018,"4,621.5","3,832.8","3,134.4","1,551.7","1,249.4","2,008.8","1,015.5","1,612.3","1,414.6",627.9,"1,158.8","1,389.2","1,399.5",146.9,"1,028.1",600.4,650.1,776.9,178.1,423.5,226.3,287.8,363.4,243.2,266.7,48.6,167.1,505.3,139.5
sep 2018,"5,256.5","3,191.5","2,975.6","1,782.7","1,342.1","1,972.9",781.2,"2,228.0","1,464.4",547.2,990.9,"1,321.4","1,586.4",281.1,750.9,682.9,658.6,858.0,222.5,441.4,104.0,268.3,690.2,210.2,351.1,75.4,144.9,356.1,142.1
oct 2018,"5,031.0","4,131.6","3,433.4","1,476.4","1,422.3","2,116.0",730.2,"1,985.1","1,451.3",869.2,"1,160.8",853.8,"1,417.5",416.4,964.2,424.8,709.4,"1,083.5",249.1,524.8,159.2,308.5,315.7,322.8,388.4,90.6,342.9,294.6,187.5
nov 2018,"5,608.9","4,269.8","3,318.2","1,649.0","1,143.8","1,929.0",698.1,"1,844.7","1,370.5",737.0,"1,051.7","1,181.4","1,487.8",433.6,892.4,732.2,640.7,837.9,327.1,417.8,121.8,318.8,306.5,339.5,310.8,111.6,163.5,340.1,155.1
dec 2018,"4,949.2","4,086.5","2,916.8","1,896.0","1,325.7","1,808.8",725.5,"1,585.9","1,569.5",736.0,"1,144.3",885.5,"1,463.0",282.4,997.7,"1,093.9",846.9,877.4,244.7,408.8,174.0,386.0,512.2,337.6,378.1,158.1,280.0,306.3,152.5
jan 2019,"4,238.0","3,409.3","3,138.2","1,646.7",769.0,"1,577.6",593.9,"1,263.7","1,359.1",719.2,766.6,552.6,882.9,36.1,768.4,490.9,909.8,495.1,90.0,379.9,144.4,220.1,268.9,395.5,348.0,37.9,122.9,256.8,106.2
feb 2019,"4,191.0","4,288.9","2,905.4","1,536.3",922.9,"1,658.0",609.5,"1,451.8","1,027.2",456.8,983.8,"1,082.9",960.3,58.4,715.0,432.1,655.2,796.9,183.3,427.2,153.2,266.6,211.2,828.5,447.8,68.4,208.2,235.1,146.2
mar 2019,"4,723.5","4,447.2","2,811.0","1,813.8",964.7,"1,890.6",824.4,"1,574.8","1,420.9",631.4,"1,106.4",983.4,"1,105.0",56.0,"1,023.6",454.8,559.1,808.5,164.0,384.0,189.2,297.3,447.5,270.6,416.8,45.3,209.4,301.4,159.0
apr 2019,"4,743.2","4,486.9","2,087.7","1,641.8","1,172.4","1,956.2",905.3,"1,536.5","1,189.5",588.3,"1,258.9","1,162.6","1,067.5",98.7,822.2,672.2,715.3,796.6,158.1,360.5,237.4,307.6,242.4,240.8,348.4,77.7,309.5,301.8,204.2
may 2019,"4,359.6","4,016.6","1,488.8","1,394.8","1,459.9","1,616.8",756.2,"1,501.7","1,229.8",390.7,"1,074.8","1,120.8",542.0,116.9,"1,199.6",595.7,543.8,777.1,187.9,408.0,182.9,301.1,334.7,229.0,241.0,23.7,145.0,230.8,140.1
jun 2019,"4,616.0","3,469.6","1,943.3","1,631.3","1,050.2","1,712.3",973.9,"1,380.6","1,017.5",330.0,"1,154.7",644.7,851.6,111.2,759.0,664.8,482.6,467.7,230.8,439.3,358.2,311.6,452.9,175.4,198.6,53.2,145.0,284.3,210.9
jul 2019,"4,894.4","3,687.2","2,298.0","2,045.2","1,059.7","1,785.4",787.5,"1,082.8","1,294.7",452.1,"1,289.6",688.2,"1,176.8",122.3,813.2,441.3,441.1,458.6,229.8,412.9,219.2,289.9,202.4,160.7,323.6,151.6,164.3,264.4,200.1
aug 2019,"4,653.0","2,817.0","1,836.7","2,850.0",998.1,"1,859.7","1,264.9","1,377.8","1,134.9",435.1,"1,274.0",917.7,"1,046.2",82.1,930.7,505.4,388.5,403.4,225.9,428.2,192.1,355.2,194.2,162.6,375.8,33.2,167.3,241.6,238.9
sep 2019,"4,774.0","3,855.7","2,054.0","1,552.3","1,144.1","1,898.2","1,176.5","1,650.3","1,078.2",531.5,"1,255.6","1,496.0","1,124.0",145.6,746.0,585.9,421.5,397.1,353.5,394.2,203.7,334.2,569.3,144.8,342.6,56.8,273.3,258.1,196.6
oct 2019,"4,857.0","3,799.1","2,767.8","1,693.4","1,167.2","1,763.4","1,993.1","1,492.4","1,098.7",713.1,"1,319.8","1,017.2","1,114.1",137.5,673.5,477.3,529.1,421.5,210.7,417.0,107.4,381.0,200.7,243.7,356.7,56.0,239.5,343.0,229.8
nov 2019,"5,187.9","3,254.4","2,311.2","1,482.7","1,208.2","1,960.6","1,558.6","1,037.8","1,377.6",574.8,"1,402.9",953.3,"1,293.4",77.6,801.7,936.9,489.0,394.5,183.0,408.3,192.4,410.3,157.2,392.6,347.8,77.5,136.0,275.9,266.6
dec 2019,"6,077.8","3,260.5","2,406.9","1,894.4","1,211.9","2,030.8","1,821.1","1,006.9","1,113.7",546.3,"1,399.7",734.9,"1,231.0",92.0,816.7,"1,050.4",645.1,417.3,237.6,401.6,378.3,432.6,387.4,272.9,316.3,88.4,176.7,229.9,213.7
jan 2020,"4,950.1","2,816.1","2,265.3","1,789.5",888.3,"1,086.7","1,209.3",944.5,"1,040.7",488.2,"1,064.6",789.0,941.0,56.2,860.2,499.7,765.6,444.7,75.1,251.2,209.8,269.6,214.1,230.0,460.3,77.0,67.8,215.6,155.8
feb 2020,"4,473.8","2,432.3","1,795.0","1,335.1","1,199.9","1,184.7","1,116.7",917.4,943.9,626.9,"1,167.7",718.3,932.5,64.0,716.6,336.4,644.4,568.7,85.0,238.0,287.1,320.6,173.1,148.3,323.9,35.5,81.3,206.9,146.7
mar 2020,"3,750.3","2,888.0","1,538.8","1,451.3","1,339.5","1,197.3","1,012.6","1,538.4","1,113.4",391.1,"1,073.3",945.2,833.3,144.7,896.9,451.5,615.4,559.2,132.4,170.3,162.8,375.1,440.3,118.9,233.3,61.0,145.6,253.1,195.6
apr 2020,"3,467.1","1,894.9",937.9,"1,357.8",725.2,995.8,"1,970.7","1,266.5",681.9,407.9,882.2,748.8,591.4,175.3,433.3,357.7,390.1,480.6,114.5,106.1,115.9,444.0,461.9,131.0,114.4,52.9,94.3,241.8,166.7
may 2020,"3,267.7","1,577.2","1,089.2",863.1,681.7,"1,212.5","1,473.5",686.5,539.3,308.9,984.1,793.1,517.0,121.9,376.3,280.6,401.0,470.1,161.6,115.9,169.9,374.4,102.1,134.7,187.8,19.9,89.1,264.7,150.5
jun 2020,"4,142.5","1,720.9","1,256.7",899.5,722.7,"1,277.7","1,864.4",952.0,652.9,260.5,"1,375.7",684.7,859.2,120.6,437.4,412.2,457.4,508.1,168.2,195.8,100.5,354.3,138.3,106.4,202.9,42.8,113.7,252.4,136.0
jul 2020,"4,025.2","1,543.3","1,130.9","1,140.1",606.4,"1,444.0","1,645.1",931.9,640.1,318.4,"1,199.9",899.0,744.7,132.2,437.0,615.3,337.0,513.8,155.8,201.7,112.8,387.3,209.0,71.6,246.4,35.2,118.1,345.5,159.0
aug 2020,"3,599.1","1,449.1","1,337.2","1,250.8",734.4,"1,272.7","1,748.6","1,009.1",661.7,317.7,"1,120.1",720.8,735.4,121.5,448.8,366.3,249.1,513.6,221.2,232.6,62.8,348.0,206.2,86.5,263.9,22.0,41.6,221.8,180.1
sep 2020,"4,212.6","2,033.3","1,634.9","1,536.1","1,173.9","1,412.9","3,860.1",956.3,905.1,397.7,"1,284.0",733.3,750.2,167.4,574.5,604.6,503.8,515.5,200.2,263.7,128.4,492.4,156.6,109.0,243.5,48.5,71.9,314.6,194.0
oct 2020,"3,773.2","1,705.9","1,702.7","1,314.5",898.5,"1,533.9","2,786.9",963.1,916.4,424.3,"1,266.0",556.4,877.7,154.3,669.4,387.2,341.3,543.8,162.1,210.9,100.1,493.3,154.1,161.0,241.9,44.8,100.3,261.0,186.9
nov 2020,"4,285.4","2,233.7","1,809.4","1,389.3",794.8,"1,604.9","2,643.8","1,057.0",722.7,391.7,"1,302.3",794.5,820.6,147.3,447.7,546.5,397.4,566.4,216.0,224.0,121.3,400.9,152.6,187.1,269.6,69.4,72.2,251.3,159.1
dec 2020,"5,302.4","2,522.9","2,122.2","1,774.0","1,073.5","1,786.5","1,823.9","1,247.0","1,219.6",341.7,"1,386.9",671.2,964.3,215.7,802.8,937.8,605.8,623.1,302.0,221.3,102.9,399.6,472.3,169.2,244.2,56.4,47.0,262.2,245.0
jan 2021,"4,315.8","1,974.4","1,838.0","1,700.3",687.6,"1,407.1","1,141.7",833.3,"1,099.2",638.7,"1,007.3",415.3,864.5,89.0,434.3,344.5,670.5,370.1,196.7,280.0,158.4,253.3,146.5,146.7,280.2,71.2,32.1,220.1,149.4
feb 2021,"4,694.0","2,826.3","2,158.6","1,606.6","1,120.9","1,557.9","1,156.3","1,001.5",706.5,474.4,"1,222.9",525.2,756.5,87.8,773.0,330.2,451.3,575.0,238.6,260.1,183.7,287.6,167.5,172.4,289.9,23.8,28.1,243.5,183.5
mar 2021,"5,599.6","3,252.3","2,017.7","1,897.8","1,542.4","1,891.5","1,746.2","1,010.6","1,015.6",712.2,"1,500.0",984.0,"1,039.8",87.5,909.3,641.5,538.3,650.8,389.2,301.4,205.9,379.3,206.1,191.5,355.3,66.0,84.9,390.6,186.1
apr 2021,"5,245.6","2,972.7","2,252.3","1,992.7","1,410.0","2,031.2","1,894.3",853.0,"1,190.3",743.6,"1,507.7",619.9,"1,071.3",119.1,887.5,615.9,"1,095.9",571.3,286.6,410.3,409.3,392.1,160.1,215.0,315.7,34.4,93.0,256.5,185.0
may 2021,"4,801.0","3,331.9","2,313.1","1,616.0","1,327.2","1,859.4","1,159.8","1,719.3","1,106.6",727.3,"1,472.7",619.0,"1,150.6",82.7,564.6,388.2,495.9,523.2,416.9,501.7,273.6,350.1,173.5,227.8,409.2,23.4,99.5,301.3,132.1
jun 2021,"6,036.5","4,041.5","2,342.7","2,288.1","1,628.0","1,851.7","2,348.8","2,045.5","1,382.9",601.1,"1,589.5","1,563.8","1,454.2",103.9,556.9,892.6,711.0,628.6,375.6,428.8,295.9,369.4,311.2,237.8,351.2,49.3,104.2,447.1,191.9
jul 2021,"6,216.0","3,066.8","2,600.8","2,947.6","1,984.9","1,993.4","2,067.4","1,561.8","1,381.1",589.4,"1,555.1","1,068.0","1,608.2",272.1,680.3,632.4,"1,120.9",554.4,307.1,286.7,264.9,394.3,296.8,217.3,364.4,28.9,152.2,560.2,145.9
aug 2021,"5,770.6","3,947.8","2,783.8","2,389.8","1,903.7","2,011.2","2,467.8",972.9,"1,918.1",827.2,"1,583.8",684.7,"1,343.5",145.1,707.7,636.6,656.2,722.1,379.4,240.4,337.5,427.9,113.2,263.5,456.9,31.4,120.4,151.1,203.5
sep 2021,"6,116.5","3,702.9","2,713.3","2,178.9","1,643.1","2,090.9","1,731.3","1,902.9","1,635.3",792.4,"1,703.6",839.5,"1,477.5",159.6,669.4,"1,113.5",769.0,773.1,670.6,315.4,674.8,492.7,394.4,346.6,455.4,59.7,98.2,337.0,219.7
oct 2021,"6,696.4","4,233.5","2,859.3","2,246.2","1,359.2","2,114.3","2,111.4","1,865.1","2,435.0","1,249.6","1,648.3","1,193.4","1,836.0",422.4,914.7,742.9,683.0,758.5,496.8,445.3,332.8,553.7,218.4,133.3,544.5,154.0,110.3,183.9,212.4
nov 2021,"6,620.7","4,524.8","2,862.2","2,837.9","1,256.5","2,259.9","2,374.8",823.3,"2,676.4","1,199.6","1,786.2",903.5,"1,930.5",174.5,"1,067.8","1,569.4",551.8,905.7,666.0,215.0,326.5,576.8,263.1,503.9,612.5,69.5,61.6,135.8,211.0
dec 2021,"6,788.8","4,260.9","2,984.6","3,364.5","1,659.2","2,068.7","2,058.0","2,303.7","2,642.4","1,275.5","1,918.3","1,308.7","2,158.9",489.9,"1,488.9","1,219.4",927.5,"1,096.6",837.7,331.4,380.9,727.9,338.1,573.2,665.9,69.2,87.2,288.5,304.0
